{
  "best_metric": 2.396996259689331,
  "best_model_checkpoint": "Image-Captioning/checkpoint-7000",
  "epoch": 1.7301038062283736,
  "global_step": 7000,
  "is_hyper_param_search": false,
  "is_local_process_zero": true,
  "is_world_process_zero": true,
  "log_history": [
    {
      "epoch": 0.87,
      "learning_rate": 2.2723677706376673e-05,
      "loss": 2.7597,
      "step": 3500
    },
    {
      "epoch": 0.87,
      "eval_loss": 2.4883344173431396,
      "eval_runtime": 133.2114,
      "eval_samples_per_second": 60.738,
      "eval_steps_per_second": 7.597,
      "step": 3500
    },
    {
      "epoch": 1.73,
      "learning_rate": 5.422639644092932e-06,
      "loss": 2.3548,
      "step": 7000
    },
    {
      "epoch": 1.73,
      "eval_loss": 2.396996259689331,
      "eval_runtime": 132.4958,
      "eval_samples_per_second": 61.066,
      "eval_steps_per_second": 7.638,
      "step": 7000
    }
  ],
  "max_steps": 8092,
  "num_train_epochs": 2,
  "total_flos": 1.0105256047162687e+19,
  "trial_name": null,
  "trial_params": null
}
